<?xml version="1.0" encoding="UTF-8" standalone="yes"?>
<addon id="plugin.program.wizard" version="2.0.3" name="[B][COLOR ff680001]13Clowns[/COLOR] [COLOR white]Wizard[/COLOR][/B]" provider-name="13Clowns">
	<requires>
	<import addon="xbmc.python" version="2.1.0"/>
  </requires>
  <extension point="xbmc.python.pluginsource" library="default.py">
	<provides>executable</provides>
  </extension>
  <extension point="xbmc.service" library="startup.py" start="startup" />
  <extension point="xbmc.addon.metadata">
		<summary lang="en">[B][COLOR ff680001]13Clowns[/COLOR] [COLOR white]Wizard[/COLOR][/B] is a free portal for circus freaks to see the best stuff.</summary>
		<description lang="en">[B][COLOR ff680001]13Clowns[/COLOR][/B], addon does not form part of the Kodi Media Centre. Please do not seek assistance with this addon from any of the Official Kodi Support Channels.The author does not host any of the content in this addon and takes no responsibility for content found.</description>
		<disclaimer lang="en">The author is not responsible for the use of this addon. The author is not responsible for the content found using this addon. The author does not host or own any content found within this addon. The author is in no way affiliated with Kodi, Team Kodi, or the XBMC Foundation. This is a Non-profit resource, organized solely for educational purposes which is protected under the Fair-Use doctrine of the Copyright Act, Specifically section 107, which does promote freedom of expression, by permitting the unlicensed use of copyright-protected works</disclaimer>
	<platform>all</platform>
	<license>GNU GENERAL PUBLIC LICENSE. Version 3, 29 June 2007</license>
	<assets>
		<icon>icon.png</icon>
		<fanart>fanart.jpg</fanart>
		<screenshot>resources/screenshots/1.png</screenshot>
		<screenshot>resources/screenshots/2.png</screenshot>
		<screenshot>resources/screenshots/3.png</screenshot>
	</assets>
	<news></news>
	</extension>
</addon>
