<?xml version="1.0" encoding="UTF-8" standalone="yes"?>
<addon id="plugin.video.zanni" version="1.0.6" name="[B][COLOR orange]Zanni[/COLOR][/B]" provider-name="13Clowns">
    <requires>
        <import addon="xbmc.python" version="2.19.0" />
        <import addon="script.module.13clowns" />
        <import addon="script.13clowns.artwork" />
        <import addon="script.13clowns.metadata" />
        <import addon="script.module.resolveurl" />
        <import addon="script.module.requests" />
        <import addon="script.module.youtube.dl" optional="true"/>
        <import addon="plugin.video.youtube" version="3.0.0"/>
        <import addon="script.module.addon.signals" version="0.0.1"/>
        <import addon="script.module.lambdascrapers" version="1.6.0"/>
        <import addon="script.module.metahandler" version="3.0.3" />
    </requires>
    <extension point="xbmc.python.pluginsource" library="default.py">
        <provides>video</provides>
    </extension>
    <extension point="xbmc.service" library="service.py" start="startup" />
    <extension point="xbmc.addon.metadata">
        <summary lang="en">[B][COLOR orange]Zanni Video addon with Lambda Sources[/COLOR][/B] - The name Zanni is a variant of the name Gianni and was common in the Lombard-Venetian countryside which provided most of the servants to the wealthy nobles and merchants of Venice. [B]In Italian it is specifically a name of someone whose identity is not of any importance.[/B]</summary>
        <description lang="en">[B][COLOR orange]Zanni Video addon with Lambda Sources[/COLOR][/B]. This addon does not form part of the Kodi Media Centre. Please do not seek assistance with this addon from any of the Official Kodi Support Channels.The author does not host any of the content in this addon and takes no responsibility for content found.</description>
        <disclaimer lang="en">The author is not responsible for the use of this addon. The author is not responsible for the content found using this addon. The author does not host or own any content found within this addon. The author is in no way affiliated with Kodi, Team Kodi, or the XBMC Foundation. This is a Non-profit resource, organized solely for educational purposes which is protected under the Fair-Use doctrine of the Copyright Act, Specifically section 107, which does promote freedom of expression, by permitting the unlicensed use of copyright-protected works</disclaimer>
    <platform>all</platform>
    <license>GNU GENERAL PUBLIC LICENSE. Version 3, 29 June 2007</license>
    <assets>
        <icon>icon.png</icon>
        <fanart>fanart.jpg</fanart>
        <screenshot>resources/screenshots/1.png</screenshot>
        <screenshot>resources/screenshots/2.png</screenshot>
        <screenshot>resources/screenshots/3.png</screenshot>
    </assets>
    <news></news>
    </extension>
</addon>
