<?xml version="1.0" encoding="UTF-8"?>
    <addon id="repository.turtlestv" name="TurtlesTV" version="4.0" provider-name="TurtlesTV">
        <requires>
            <import addon="xbmc.addon" version="12.0.0"/>
        </requires>
        <extension point="xbmc.addon.repository" name="TurtlesTV">
            <info compressed="false">http://turtlestv.net/_zips/addons.xml</info>
            <checksum>http://turtlestv.net/_zips/addons.xml.md5</checksum>
            <datadir zip="true">http://turtlestv.net/_zips/</datadir>
            <hashes>false</hashes>
        </extension>
        <extension point="xbmc.addon.metadata">
            <summary>Repository for TurtlesTV</summary>
            <description>TurtlesTV is a educational add-on. We do not host any of the contents streamed.</description>
            <platform>all</platform>
    </extension>
</addon>